<?xml version="1.0" encoding="UTF-8"?>
<State xmlns:xsi="http://www.w3.org/2001/XMLSchema-instance" xmlns="http://www.wldelft.nl/fews/PI" xsi:schemaLocation="http://www.wldelft.nl/fews/PI http://fews.wldelft.nl/schemas/version1.0/pi-schemas/pi_state.xsd" version="1.2">
    <stateId>Default</stateId>
    <timeZone>0.0</timeZone>
    <dateTime date="2020-11-22" time="11:00:00"/>
    <stateLoc type="file">
        <readLocation>D:\repositories\respighi-fews-adapter\examples\vidente\modules\respighi\input\starting_heads_laag1.IDF</readLocation>
        <writeLocation>D:\repositories\respighi-fews-adapter\examples\vidente\modules\respighi\input\starting_heads_laag1.IDF</writeLocation>
    </stateLoc>
</State>